{
    "id": 39,
    "title": "Land worth fighting for",
    "level": 2,
    "type": "fight",
    "profession": "farmer",
    "refresh": 260,
    "task": [
        "kill",
        "minecraft:zombie",
        15,
        "kill",
        "minecraft:skeleton",
        20,
        "kill",
        "minecraft:creeper",
        10
    ],
    "description": "Friend, these mobs are relentless. Please help us clear the land again.",
    "experience": 50,
    "reward": [
        "minecraft:emerald",
        50,
        "minecraft:iron_sword",
        1
    ]
}