{
    "id": 36,
    "title": "Fresh Bread",
    "level": 1,
    "type": "",
    "profession": "farmer",
    "refresh": 200,
    "task": [
        "farm",
        "minecraft:wheat",
        30,
        "submit",
        "minecraft:bread",
        10
    ],
    "description": "Stranger, I saw you make bread, I wanted to make my own but I need to taste yours, can you give me some bread and wheat?",
    "experience": 25,
    "reward": [
        "minecraft:emerald",
        35
    ]
}