{
    "id": 45,
    "title": "Short term use",
    "level": 3,
    "type": "",
    "profession": "farmer",
    "refresh": 500,
    "task": [
        "submit",
        "minecraft:golden_hoe",
        15,
        "submit",
        "minecraft:wooden_hoe",
        20
    ],
    "description": "For some reason, gold is quite fast on tilling the land, we need a few of those and some wooden ones.",
    "experience": 75,
    "reward": [
        "minecraft:emerald",
        40
    ]
}