{
    "id": 50,
    "title": "Crops vs Zombies",
    "level": 5,
    "type": "fight",
    "profession": "farmer",
    "refresh": 10000,
    "task": [
        "submit",
        "minecraft:wheat",
        128,
        "submit",
        "minecraft:potato",
        128,
        "kill",
        "minecraft:zombie",
        30,
        "kill",
        "minecraft:skeleton",
        20
    ],
    "description": "Comrade, the village is on a bottleneck due to the mobs harrassing us. Can you please collect and hunt the mobs down for us?",
    "experience": 100,
    "reward": [
        "minecraft:emerald",
        64,
        "minecraft:diamond_sword",
        1,
        "minecraft:shield",
        2
    ]
}