{
    "id": 8,
    "title": "Iron efficiency",
    "level": 2,
    "type": "",
    "profession": "toolsmith",
    "refresh": 900,
    "task": [
        "submit",
        "minecraft:iron_axe",
        2,
        "submit",
        "minecraft:iron_pickaxe",
        2,
        "submit",
        "minecraft:iron_shovel",
        2
    ],
    "description": "The village's tool stock is empty and I need your help please and I'll give you a nice reward",
    "reward": [
        "minecraft:emerald",
        40,
        "minecraft:iron_sword",
        1
    ]
}