{
    "id": 16,
    "title": "The raid breaker",
    "level": 4,
    "type": "fight",
    "profession": "toolsmith",
    "refresh": 2200,
    "task": [
        "kill",
        "minecraft:pillager",
        10,
        "kill",
        "minecraft:evoker",
        2,
        "kill",
        "minecraft:vindicator",
        5,
        "kill",
        "minecraft:ravager",
        2
    ],
    "description": "We have enough tools to defend, we just need them to attack us.",
    "experience": 75,
    "reward": [
        "minecraft:emerald",
        64,
        "minecraft:diamond",
        10
    ]
}