{
    "id": 7,
    "title": "Rare commodity",
    "level": 2,
    "type": "",
    "profession": "toolsmith",
    "refresh": 900,
    "task": [
        "submit",
        "minecraft:chainmail_chestplate",
        1,
        "submit",
        "minecraft:chainmail_leggings",
        1
    ],
    "description": "Hey Wanderer, I am interested in chainmail but mobs are tough. Please gather some for me.",
    "experience": 15,
    "reward": [
        "minecraft:emerald",
        10,
        "minecraft:shield",
        1
    ]
}